id,author,title,text,numComments,comments
11aqjtk,Heimebane,"[Simon Stone] Erik ten Hag calls @NUFC an 'annoying team'. Says their 'effective time' is the lowest in PL. ""They are quite successful at it.""",,131,<praw.models.comment_forest.CommentForest object at 0x000001BBBB2F0EE0>
11ap3bl,RevertBackwards,Europa League RO16 draw,,721,<praw.models.comment_forest.CommentForest object at 0x000001BBB18DA910>
11a9co3,PSGAcademy,Manchester United [2] - 1 Barcelona [4-3 on agg.] - Antony 73',,987,<praw.models.comment_forest.CommentForest object at 0x000001BBB16E23D0>
11appc5,RevertBackwards,Djed Spence ushers the cameraman away after Stade Rennais are knocked out,,138,<praw.models.comment_forest.CommentForest object at 0x000001BBB6B02910>
11aoc70,EmotionalMillionaire,"[Everton FC] Pickford Signs New Long-Term Everton Contract, 4.5 years.",,146,<praw.models.comment_forest.CommentForest object at 0x000001BBB15AF700>
11aq3wv,akskeleton_47,ECL Round of 16 draw,,167,<praw.models.comment_forest.CommentForest object at 0x000001BBB17709D0>
11a929i,PSGAcademy,Bruno smashes the ball into De Jong,,1381,<praw.models.comment_forest.CommentForest object at 0x000001BBB519D610>
11a9wvt,dotuan,Raphael Varane clearance against Barcelona 90+4',,414,<praw.models.comment_forest.CommentForest object at 0x000001BBBA940520>
11a8pyz,PSGAcademy,Manchester United [1] - 1 Barcelona [3-3 on agg.] - Fred 46',,255,<praw.models.comment_forest.CommentForest object at 0x000001BBB0A9D9A0>
11a9xmw,LampseederBroDude51,Post Match Thread: Manchester United 2-1 FC Barcelona [4-3 on agg.] [UEFA Europa League],"
#**FT: Manchester United  [2-1](#bar-3-white)  Barcelona**

***2nd Leg - Manchester United lead 4-3 on aggregate***

*Manchester United scorers: Fred (47'), Antony (73')*

*Barcelona scorers: Robert Lewandowski (18' PEN)*

--------

**Venue:** Old Trafford

[Auto-refreshing reddit comments link](http://www.reddit-stream.com/comments/11a6snm)

---------

[](#icon-notes-big) **LINE-UPS**

**Manchester United**

David de Gea, Lisandro Martínez, Raphaël Varane, Luke Shaw, Aaron Wan-Bissaka ([](#icon-sub)Diogo Dalot), Jadon Sancho ([](#icon-sub)Alejandro Garnacho), Casemiro, Fred, Wout Weghorst ([](#icon-sub)Antony), Marcus Rashford ([](#icon-sub)Scott McTominay), Bruno Fernandes.

**Subs:** Kobbie Mainoo, Harry Maguire, Marcel Sabitzer, Tom Heaton, Tyrell Malacia, Anthony Elanga, Facundo Pellistri, Victor Lindelöf.

^____________________________

**Barcelona**

Marc-André ter Stegen, Andreas Christensen, Ronald Araújo ([](#icon-sub)Marcos Alonso), Álex Balde, Jules Koundé, Sergio Busquets, Frenkie de Jong, Franck Kessié, Robert Lewandowski, Sergi Roberto ([](#icon-sub)Ferran Torres), Raphinha ([](#icon-sub)Ansu Fati).

**Subs:** Jordi Alba, Arnau Tenas, Iñaki Peña, Marc Casadó, Eric García, Pablo Torre.

------------

[](#icon-net-big) **MATCH EVENTS** | *via [ESPN](http://www.espn.com/soccer/match?gameId=656892)*



**18'** [](#icon-ball) **Goal!  Manchester United 0, Barcelona 1. Robert Lewandowski (Barcelona) converts the penalty with a right footed shot to the top right corner.**

**45'** [](#icon-sub) Substitution, Manchester United. Antony replaces Wout Weghorst.

**47'** [](#icon-ball) **Goal!  Manchester United 1, Barcelona 1. Fred (Manchester United) right footed shot from the centre of the box to the bottom right corner. Assisted by Bruno Fernandes.**

**60'** [](#icon-yellow) Bruno Fernandes (Manchester United) is shown the yellow card.

**60'** [](#icon-yellow) Franck Kessie (Barcelona) is shown the yellow card.

**67'** [](#icon-sub) Substitution, Manchester United. Diogo Dalot replaces Aaron Wan-Bissaka.

**67'** [](#icon-sub) Substitution, Manchester United. Alejandro Garnacho replaces Jadon Sancho.

**70'** [](#icon-sub) Substitution, Barcelona. Ferran Torres replaces Sergi Roberto.

**71'** [](#icon-yellow) Robert Lewandowski (Barcelona) is shown the yellow card for a bad foul.

**75'** [](#icon-sub) Substitution, Barcelona. Ansu Fati replaces Raphinha.

**78'** [](#icon-yellow) Alejandro Garnacho (Manchester United) is shown the yellow card for a bad foul.

**82'** [](#icon-sub) Substitution, Barcelona. Marcos Alonso replaces Ronald Araújo.

**83'** [](#icon-yellow) Sergio Busquets (Barcelona) is shown the yellow card for a bad foul.

**86'** [](#icon-yellow) Casemiro (Manchester United) is shown the yellow card for a bad foul.

**88'** [](#icon-sub) Substitution, Manchester United. Scott McTominay replaces Marcus Rashford.



--------

*^(Don't see a thread for a match you're watching?) [^(Click here)](https://www.reddit.com/r/soccer/wiki/matchthreads#wiki_match_thread_bot) ^(to learn how to request a match thread from this bot.)*",3723,<praw.models.comment_forest.CommentForest object at 0x000001BBBA9068E0>
11aa93c,Ask_Asensio,"[Opta] FC Barcelona have just won one of their last 15 games in Europe against teams from the top 5 European leagues (D5 L9), as many defeats as in their 50 previous such games (W31 D10 L9)",,791,<praw.models.comment_forest.CommentForest object at 0x000001BBB19A3550>
11a2jv7,primarygrub,Sergio Ramos Announces Retirement From Spanish NT,,534,<praw.models.comment_forest.CommentForest object at 0x000001BBB0B639A0>
11a3x43,Golovking,Nantes 0 - [1] Juventus - Angel Di Maria 5’,,440,<praw.models.comment_forest.CommentForest object at 0x000001BBB1984B50>
11aos43,Has_dodgy_legs,Miguel Almiron has signed a new three-and-a-half year contact with Newcastle United.,,13,<praw.models.comment_forest.CommentForest object at 0x000001BBB6D70850>
11amj07,Miglekk,[Southampton] #SaintsFC can today confirm that Rubén Sellés has been appointed as Men’s First Team Manager until the end of the 2022/23 season.,,44,<praw.models.comment_forest.CommentForest object at 0x000001BBB10B1490>
11a7m6w,PSGAcademy,Manchester United 0 - [1] Barcelona - Robert Lewandowski penalty 18' + Replay,,779,<praw.models.comment_forest.CommentForest object at 0x000001BBB10A9160>
